{"Shapiro-Wilk": 6.7181399635086e-10, "Levene (Brown-Forsythe)": 0.00685134675501275, "Seasonal Mann-Kendall": 0.0228865284273083, "Sen's Slope": null, "One Sample t-test (Less)": 0.116520766758428, "Wilcoxon Signed-Rank (Less)": 0.00256167351121329, "Sign Test (Less)": 0.000383382494870644, "Equivalence TOST t": 0, "Equivalence TOST Wilcoxon": 4.52391331904244e-15, "Student t-test": 3.16326693391683e-06, "Welch t-test": 8.90636764650842e-06, "Mann-Whitney U": 9.19055674012048e-08, "Mood's Median": 3.1855669205034e-07}
