{"Shapiro-Wilk": 3.55757241998167e-05, "Levene (Brown-Forsythe)": 0.760317457302593, "Seasonal Mann-Kendall": 1, "Sen's Slope": null, "One Sample t-test (Less)": 1, "Wilcoxon Signed-Rank (Less)": 0.999999999999965, "Sign Test (Less)": 1, "Equivalence TOST t": 0, "Equivalence TOST Wilcoxon": 2.9626501917728e-13, "Student t-test": 0.957708047744339, "Welch t-test": 0.957766168476111, "Mann-Whitney U": 0.984041911782819, "Mood's Median": 0.989969208548247}
