{"Shapiro-Wilk": 6.74111369566251e-05, "Levene (Brown-Forsythe)": 0.0566199485925092, "Seasonal Mann-Kendall": 1, "Sen's Slope": null, "One Sample t-test (Less)": 2.37320454965564e-24, "Wilcoxon Signed-Rank (Less)": 1.22464764558311e-09, "Sign Test (Less)": 1.4210854715202e-14, "Equivalence TOST t": 5.64323587859406e-10, "Equivalence TOST Wilcoxon": 1.09355091771923e-07, "Student t-test": 0.0312375609170325, "Welch t-test": 0.00060259246729048, "Mann-Whitney U": 0.00699734005394448, "Mood's Median": 2.38589092056435e-05}
